County,Year-Month,Population,Pop Indensity
New Taipei,201001,3876070,1888.4
New Taipei,201002,3878282,1889.5
New Taipei,201003,3882039,1891.3
New Taipei,201004,3884754,1892.6
New Taipei,201005,3885507,1893.0
New Taipei,201006,3880743,1890.7
New Taipei,201007,3889049,1894.7
New Taipei,201008,3892616,1896.5
New Taipei,201009,3892603,1896.5
New Taipei,201010,3893740,1897.0
New Taipei,201011,3896316,1898.3
New Taipei,201012,3897367,1898.8
New Taipei,201101,3897421,1898.8
New Taipei,201102,3897888,1899.0
New Taipei,201103,3898230,1899.2
New Taipei,201104,3900199,1900.2
New Taipei,201105,3901959,1901.0
New Taipei,201106,3903745,1901.9
New Taipei,201107,3906117,1903.0
New Taipei,201108,3908632,1904.3
New Taipei,201109,3910086,1905.0
New Taipei,201110,3911833,1905.8
New Taipei,201111,3913595,1906.7
New Taipei,201112,3916451,1908.1
New Taipei,201201,3917945,1908.8
New Taipei,201202,3919597,1909.6
New Taipei,201203,3920761,1910.2
New Taipei,201204,3921580,1910.6
New Taipei,201205,3923969,1911.7
New Taipei,201206,3926188,1912.8
New Taipei,201207,3928418,1913.9
New Taipei,201208,3930638,1915.0
New Taipei,201209,3933061,1916.2
New Taipei,201210,3935072,1917.1
New Taipei,201211,3937149,1918.2
New Taipei,201212,3939305,1919.2
New Taipei,201301,3941239,1920.1
New Taipei,201302,3942202,1920.6
New Taipei,201303,3942882,1920.9
New Taipei,201304,3943421,1921.2
New Taipei,201305,3944955,1922.0
New Taipei,201306,3945789,1922.4
New Taipei,201307,3947608,1923.3
New Taipei,201308,3949765,1924.3
New Taipei,201309,3951381,1925.1
New Taipei,201310,3952335,1925.6
New Taipei,201311,3953858,1926.3
New Taipei,201312,3954929,1926.8
New Taipei,201401,3955777,1927.2
New Taipei,201402,3955842,1927.3
New Taipei,201403,3955390,1927.0
New Taipei,201404,3954905,1926.8
New Taipei,201405,3955995,1927.3
New Taipei,201406,3956728,1927.7
New Taipei,201407,3957965,1928.3
New Taipei,201408,3959855,1929.2
New Taipei,201409,3961374,1930.0
New Taipei,201410,3962920,1930.7
New Taipei,201411,3963970,1931.2
New Taipei,201412,3966818,1932.6
New Taipei,201501,3967571,1933.0
New Taipei,201502,3967419,1932.9
New Taipei,201503,3965649,1932.0
New Taipei,201504,3964888,1931.7
New Taipei,201505,3965926,1932.2
New Taipei,201506,3966052,1932.2
New Taipei,201507,3966071,1932.2
New Taipei,201508,3966533,1932.5
New Taipei,201509,3967483,1932.9
New Taipei,201510,3968921,1933.6
New Taipei,201511,3969855,1934.1
New Taipei,201512,3970644,1934.5
New Taipei,201601,3971250,1934.8
New Taipei,201602,3971660,1935.0
New Taipei,201603,3970790,1934.5
New Taipei,201604,3971000,1934.6
New Taipei,201605,3972003,1935.1
New Taipei,201606,3972204,1935.2
New Taipei,201607,3973655,1935.9
New Taipei,201608,3974278,1936.2
New Taipei,201609,3974911,1936.6
New Taipei,201610,3976313,1937.2
New Taipei,201611,3977905,1938.0
New Taipei,201612,3979208,1938.6
New Taipei,201701,3979963,1939.0
New Taipei,201702,3980317,1939.2
New Taipei,201703,3980414,1939.2
New Taipei,201704,3980867,1939.5
New Taipei,201705,3982268,1940.1
New Taipei,201706,3982434,1940.2
New Taipei,201707,3984051,1941.0
New Taipei,201708,3984720,1941.3
New Taipei,201709,3984975,1941.5
New Taipei,201710,3985698,1941.8
New Taipei,201711,3986291,1942.1
New Taipei,201712,3986689,1942.3
New Taipei,201801,3986348,1942.1
New Taipei,201802,3986501,1942.2
New Taipei,201803,3986382,1942.1
New Taipei,201804,3985915,1941.9
New Taipei,201805,3986911,1942.4
New Taipei,201806,3987520,1942.7
New Taipei,201807,3988906,1943.4
New Taipei,201808,3990211,1944.0
New Taipei,201809,3991411,1944.6
New Taipei,201810,3992291,1945.0
New Taipei,201811,3993872,1945.8
New Taipei,201812,3995717,1946.7
New Taipei,201901,3997189,1947.4
New Taipei,201902,3998358,1948.0
New Taipei,201903,3998883,1948.2
New Taipei,201904,4000164,1948.9
New Taipei,201905,4003297,1950.4
Taipei,201001,2606151,9588.5
Taipei,201002,2605063,9584.5
Taipei,201003,2604744,9583.3
Taipei,201004,2603651,9579.3
Taipei,201005,2604150,9581.1
Taipei,201006,2602868,9576.4
Taipei,201007,2605357,9585.6
Taipei,201008,2605309,9585.4
Taipei,201009,2608923,9598.7
Taipei,201010,2613071,9613.9
Taipei,201011,2615613,9623.3
Taipei,201012,2618772,9634.9
Taipei,201101,2622883,9650.0
Taipei,201102,2624791,9657.1
Taipei,201103,2627677,9667.7
Taipei,201104,2630285,9677.3
Taipei,201105,2633044,9687.4
Taipei,201106,2635766,9697.4
Taipei,201107,2637866,9705.2
Taipei,201108,2639064,9709.6
Taipei,201109,2640099,9713.4
Taipei,201110,2643136,9724.6
Taipei,201111,2647122,9739.2
Taipei,201112,2650968,9753.4
Taipei,201201,2652959,9760.7
Taipei,201202,2653948,9764.3
Taipei,201203,2656512,9773.8
Taipei,201204,2658685,9781.8
Taipei,201205,2661017,9790.3
Taipei,201206,2663263,9798.6
Taipei,201207,2664487,9803.1
Taipei,201208,2665602,9807.2
Taipei,201209,2665832,9808.1
Taipei,201210,2668231,9816.9
Taipei,201211,2671006,9827.1
Taipei,201212,2673226,9835.3
Taipei,201301,2675033,9841.9
Taipei,201302,2676128,9845.9
Taipei,201303,2677771,9852.0
Taipei,201304,2679051,9856.7
Taipei,201305,2680296,9861.3
Taipei,201306,2681554,9865.9
Taipei,201307,2682372,9868.9
Taipei,201308,2682017,9867.6
Taipei,201309,2681584,9866.0
Taipei,201310,2682839,9870.6
Taipei,201311,2684567,9877.0
Taipei,201312,2686516,9884.2
Taipei,201401,2688140,9890.1
Taipei,201402,2689327,9894.5
Taipei,201403,2690232,9897.8
Taipei,201404,2691331,9901.9
Taipei,201405,2692138,9904.8
Taipei,201406,2693672,9910.5
Taipei,201407,2695027,9915.5
Taipei,201408,2695007,9915.4
Taipei,201409,2695649,9917.8
Taipei,201410,2697644,9925.1
Taipei,201411,2700091,9934.1
Taipei,201412,2702315,9942.3
Taipei,201501,2704133,9949.0
Taipei,201502,2705113,9952.6
Taipei,201503,2705958,9955.7
Taipei,201504,2705949,9955.7
Taipei,201505,2705921,9955.6
Taipei,201506,2706030,9956.0
Taipei,201507,2703444,9946.4
Taipei,201508,2701571,9939.6
Taipei,201509,2700115,9934.2
Taipei,201510,2701514,9939.3
Taipei,201511,2702809,9944.1
Taipei,201512,2704810,9951.5
Taipei,201601,2704974,9952.1
Taipei,201602,2704410,9950.0
Taipei,201603,2704495,9950.3
Taipei,201604,2703829,9947.9
Taipei,201605,2702930,9944.6
Taipei,201606,2702925,9944.5
Taipei,201607,2701645,9939.8
Taipei,201608,2698591,9928.6
Taipei,201609,2696316,9920.2
Taipei,201610,2696319,9920.2
Taipei,201611,2695652,9917.8
Taipei,201612,2695704,9918.0
Taipei,201701,2695371,9916.7
Taipei,201702,2694195,9912.4
Taipei,201703,2693313,9909.2
Taipei,201704,2692118,9904.8
Taipei,201705,2690813,9900.0
Taipei,201706,2689845,9896.4
Taipei,201707,2687629,9888.3
Taipei,201708,2685202,9879.3
Taipei,201709,2682893,9870.8
Taipei,201710,2683202,9872.0
Taipei,201711,2683321,9872.4
Taipei,201712,2683257,9872.2
Taipei,201801,2682721,9870.2
Taipei,201802,2681375,9865.3
Taipei,201803,2680218,9861.0
Taipei,201804,2678695,9855.4
Taipei,201805,2676767,9848.3
Taipei,201806,2675713,9844.4
Taipei,201807,2674063,9838.3
Taipei,201808,2672092,9831.1
Taipei,201809,2669639,9822.1
Taipei,201810,2669874,9822.9
Taipei,201811,2669634,9822.1
Taipei,201812,2668572,9818.1
Taipei,201901,2666908,9812.0
Taipei,201902,2664983,9804.9
Taipei,201903,2663425,9799.2
Taipei,201904,2661317,9791.5
Taipei,201905,2658615,9781.5
Taoyuan,201001,1980038,1621.7
Taoyuan,201002,1981364,1622.8
Taoyuan,201003,1982961,1624.1
Taoyuan,201004,1985209,1626.0
Taoyuan,201005,1990917,1630.6
Taoyuan,201006,2017047,1652.0
Taoyuan,201007,2006213,1643.2
Taoyuan,201008,2003205,1640.7
Taoyuan,201009,2002318,1640.0
Taoyuan,201010,2001537,1639.3
Taoyuan,201011,2001455,1639.3
Taoyuan,201012,2002060,1639.8
Taoyuan,201101,2002424,1640.1
Taoyuan,201102,2002480,1640.1
Taoyuan,201103,2002925,1640.5
Taoyuan,201104,2003618,1641.0
Taoyuan,201105,2004407,1641.7
Taoyuan,201106,2005795,1642.8
Taoyuan,201107,2007536,1644.2
Taoyuan,201108,2008845,1645.3
Taoyuan,201109,2010168,1646.4
Taoyuan,201110,2010987,1647.1
Taoyuan,201111,2012174,1648.0
Taoyuan,201112,2013305,1649.0
Taoyuan,201201,2014216,1649.7
Taoyuan,201202,2015012,1650.4
Taoyuan,201203,2015933,1651.1
Taoyuan,201204,2017262,1652.2
Taoyuan,201205,2018663,1653.4
Taoyuan,201206,2020103,1654.5
Taoyuan,201207,2021677,1655.8
Taoyuan,201208,2024100,1657.8
Taoyuan,201209,2025716,1659.1
Taoyuan,201210,2027097,1660.3
Taoyuan,201211,2028628,1661.5
Taoyuan,201212,2030161,1662.8
Taoyuan,201301,2031837,1664.1
Taoyuan,201302,2032848,1665.0
Taoyuan,201303,2033634,1665.6
Taoyuan,201304,2034381,1666.2
Taoyuan,201305,2035552,1667.2
Taoyuan,201306,2036708,1668.1
Taoyuan,201307,2038147,1669.3
Taoyuan,201308,2039557,1670.5
Taoyuan,201309,2040629,1671.3
Taoyuan,201310,2041544,1672.1
Taoyuan,201311,2042668,1673.0
Taoyuan,201312,2044023,1674.1
Taoyuan,201401,2044857,1674.8
Taoyuan,201402,2045309,1675.2
Taoyuan,201403,2045811,1675.6
Taoyuan,201404,2046547,1676.2
Taoyuan,201405,2047834,1677.2
Taoyuan,201406,2049009,1678.2
Taoyuan,201407,2050600,1679.5
Taoyuan,201408,2052529,1681.1
Taoyuan,201409,2054260,1682.5
Taoyuan,201410,2055259,1683.3
Taoyuan,201411,2056273,1684.2
Taoyuan,201412,2058328,1685.8
Taoyuan,201501,2061501,1688.4
Taoyuan,201502,2065966,1692.1
Taoyuan,201503,2072736,1697.6
Taoyuan,201504,2077929,1701.9
Taoyuan,201505,2082165,1705.4
Taoyuan,201506,2086081,1708.6
Taoyuan,201507,2089553,1711.4
Taoyuan,201508,2092977,1714.2
Taoyuan,201509,2096432,1717.0
Taoyuan,201510,2099583,1719.6
Taoyuan,201511,2102513,1722.0
Taoyuan,201512,2105780,1724.7
Taoyuan,201601,2108786,1727.2
Taoyuan,201602,2111148,1729.1
Taoyuan,201603,2114172,1731.6
Taoyuan,201604,2116988,1733.9
Taoyuan,201605,2120838,1737.0
Taoyuan,201606,2124339,1739.9
Taoyuan,201607,2128594,1743.4
Taoyuan,201608,2132854,1746.9
Taoyuan,201609,2136702,1750.0
Taoyuan,201610,2140392,1753.1
Taoyuan,201611,2144044,1756.0
Taoyuan,201612,2147763,1759.1
Taoyuan,201701,2150685,1761.5
Taoyuan,201702,2153521,1763.8
Taoyuan,201703,2156999,1766.7
Taoyuan,201704,2160035,1769.1
Taoyuan,201705,2163728,1772.2
Taoyuan,201706,2167616,1775.4
Taoyuan,201707,2171127,1778.2
Taoyuan,201708,2174895,1781.3
Taoyuan,201709,2178458,1784.2
Taoyuan,201710,2181470,1786.7
Taoyuan,201711,2184655,1789.3
Taoyuan,201712,2188017,1792.1
Taoyuan,201801,2191034,1794.5
Taoyuan,201802,2193098,1796.2
Taoyuan,201803,2196349,1798.9
Taoyuan,201804,2198830,1800.9
Taoyuan,201805,2202034,1803.5
Taoyuan,201806,2204824,1805.8
Taoyuan,201807,2208035,1808.5
Taoyuan,201808,2211127,1811.0
Taoyuan,201809,2213379,1812.8
Taoyuan,201810,2215615,1814.7
Taoyuan,201811,2217776,1816.4
Taoyuan,201812,2220872,1819.0
Taoyuan,201901,2223733,1821.3
Taoyuan,201902,2225621,1822.9
Taoyuan,201903,2228118,1824.9
Taoyuan,201904,2230653,1827.0
Taoyuan,201905,2232623,1828.6
Taichung,201001,2636474,1190.8
Taichung,201002,2637232,1191.2
Taichung,201003,2638818,1191.9
Taichung,201004,2639962,1192.4
Taichung,201005,2640563,1192.7
Taichung,201006,2639905,1192.4
Taichung,201007,2642677,1193.6
Taichung,201008,2644270,1194.3
Taichung,201009,2645194,1194.8
Taichung,201010,2646481,1195.3
Taichung,201011,2647662,1195.9
Taichung,201012,2648419,1196.2
Taichung,201101,2649311,1196.6
Taichung,201102,2649892,1196.9
Taichung,201103,2651152,1197.4
Taichung,201104,2652435,1198.0
Taichung,201105,2653698,1198.6
Taichung,201106,2655456,1199.4
Taichung,201107,2657253,1200.2
Taichung,201108,2658735,1200.9
Taichung,201109,2659828,1201.4
Taichung,201110,2661290,1202.0
Taichung,201111,2662770,1202.7
Taichung,201112,2664394,1203.4
Taichung,201201,2665613,1204.0
Taichung,201202,2666925,1204.6
Taichung,201203,2668799,1205.4
Taichung,201204,2670395,1206.1
Taichung,201205,2672390,1207.0
Taichung,201206,2674359,1207.9
Taichung,201207,2675939,1208.6
Taichung,201208,2677876,1209.5
Taichung,201209,2679172,1210.1
Taichung,201210,2681041,1210.9
Taichung,201211,2683066,1211.9
Taichung,201212,2684893,1212.7
Taichung,201301,2687052,1213.7
Taichung,201302,2688216,1214.2
Taichung,201303,2689659,1214.8
Taichung,201304,2690837,1215.4
Taichung,201305,2692563,1216.2
Taichung,201306,2693892,1216.8
Taichung,201307,2695353,1217.4
Taichung,201308,2696712,1218.0
Taichung,201309,2697665,1218.5
Taichung,201310,2698811,1219.0
Taichung,201311,2700300,1219.6
Taichung,201312,2701661,1220.3
Taichung,201401,2702920,1220.8
Taichung,201402,2704070,1221.4
Taichung,201403,2705064,1221.8
Taichung,201404,2706209,1222.3
Taichung,201405,2707123,1222.7
Taichung,201406,2708338,1223.3
Taichung,201407,2709764,1223.9
Taichung,201408,2711252,1224.6
Taichung,201409,2712948,1225.4
Taichung,201410,2714642,1226.1
Taichung,201411,2716497,1227.0
Taichung,201412,2719835,1228.5
Taichung,201501,2721709,1229.3
Taichung,201502,2723479,1230.1
Taichung,201503,2725497,1231.0
Taichung,201504,2727460,1231.9
Taichung,201505,2729291,1232.7
Taichung,201506,2731500,1233.7
Taichung,201507,2733761,1234.8
Taichung,201508,2736813,1236.1
Taichung,201509,2738553,1236.9
Taichung,201510,2740634,1237.9
Taichung,201511,2742503,1238.7
Taichung,201512,2744445,1239.6
Taichung,201601,2746112,1240.3
Taichung,201602,2747561,1241.0
Taichung,201603,2748799,1241.6
Taichung,201604,2750322,1242.2
Taichung,201605,2752413,1243.2
Taichung,201606,2754191,1244.0
Taichung,201607,2756256,1244.9
Taichung,201608,2758136,1245.8
Taichung,201609,2759887,1246.6
Taichung,201610,2762699,1247.8
Taichung,201611,2764958,1248.9
Taichung,201612,2767239,1249.9
Taichung,201701,2769005,1250.7
Taichung,201702,2770356,1251.3
Taichung,201703,2772118,1252.1
Taichung,201704,2773527,1252.7
Taichung,201705,2775294,1253.5
Taichung,201706,2776579,1254.1
Taichung,201707,2778182,1254.8
Taichung,201708,2780155,1255.7
Taichung,201709,2781498,1256.3
Taichung,201710,2783298,1257.1
Taichung,201711,2785159,1258.0
Taichung,201712,2787070,1258.8
Taichung,201801,2788828,1259.6
Taichung,201802,2790381,1260.3
Taichung,201803,2792164,1261.1
Taichung,201804,2793005,1261.5
Taichung,201805,2793980,1262.0
Taichung,201806,2794933,1262.4
Taichung,201807,2796081,1262.9
Taichung,201808,2797223,1263.4
Taichung,201809,2797874,1263.7
Taichung,201810,2799254,1264.3
Taichung,201811,2801238,1265.2
Taichung,201812,2803894,1266.4
Taichung,201901,2806406,1267.6
Taichung,201902,2807325,1268.0
Taichung,201903,2808219,1268.4
Taichung,201904,2809004,1268.7
Taichung,201905,2809545,1269.0
Tainan,201001,1875244,855.5
Tainan,201002,1875065,855.4
Tainan,201003,1875165,855.5
Tainan,201004,1875140,855.4
Tainan,201005,1874794,855.3
Tainan,201006,1873571,854.7
Tainan,201007,1874023,854.9
Tainan,201008,1874033,854.9
Tainan,201009,1873754,854.8
Tainan,201010,1873819,854.8
Tainan,201011,1873919,854.9
Tainan,201012,1873794,854.8
Tainan,201101,1873406,854.7
Tainan,201102,1873176,854.6
Tainan,201103,1872933,854.4
Tainan,201104,1873193,854.6
Tainan,201105,1873368,854.6
Tainan,201106,1874724,855.3
Tainan,201107,1875491,855.6
Tainan,201108,1875637,855.7
Tainan,201109,1876031,855.9
Tainan,201110,1876312,856.0
Tainan,201111,1876706,856.2
Tainan,201112,1876960,856.3
Tainan,201201,1877115,856.3
Tainan,201202,1877397,856.5
Tainan,201203,1877778,856.7
Tainan,201204,1878077,856.8
Tainan,201205,1878314,856.9
Tainan,201206,1878795,857.1
Tainan,201207,1879022,857.2
Tainan,201208,1879506,857.4
Tainan,201209,1879644,857.5
Tainan,201210,1880360,857.8
Tainan,201211,1881026,858.1
Tainan,201212,1881645,858.4
Tainan,201301,1881905,858.5
Tainan,201302,1882118,858.6
Tainan,201303,1882369,858.7
Tainan,201304,1882475,858.8
Tainan,201305,1882352,858.7
Tainan,201306,1882526,858.8
Tainan,201307,1882620,858.9
Tainan,201308,1882774,858.9
Tainan,201309,1882803,858.9
Tainan,201310,1882777,858.9
Tainan,201311,1883114,859.1
Tainan,201312,1883208,859.1
Tainan,201401,1883251,859.1
Tainan,201402,1883033,859.0
Tainan,201403,1883077,859.1
Tainan,201404,1883102,859.1
Tainan,201405,1882865,859.0
Tainan,201406,1883042,859.1
Tainan,201407,1882946,859.0
Tainan,201408,1883451,859.2
Tainan,201409,1883493,859.3
Tainan,201410,1883562,859.3
Tainan,201411,1883844,859.4
Tainan,201412,1884284,859.6
Tainan,201501,1884641,859.8
Tainan,201502,1884863,859.9
Tainan,201503,1885106,860.0
Tainan,201504,1885287,860.1
Tainan,201505,1885240,860.1
Tainan,201506,1885376,860.1
Tainan,201507,1885077,860.0
Tainan,201508,1885079,860.0
Tainan,201509,1885037,860.0
Tainan,201510,1885175,860.0
Tainan,201511,1885390,860.1
Tainan,201512,1885541,860.2
Tainan,201601,1885550,860.2
Tainan,201602,1885453,860.2
Tainan,201603,1885157,860.0
Tainan,201604,1885252,860.1
Tainan,201605,1885199,860.0
Tainan,201606,1885388,860.1
Tainan,201607,1885629,860.2
Tainan,201608,1885601,860.2
Tainan,201609,1885499,860.2
Tainan,201610,1885603,860.2
Tainan,201611,1885653,860.2
Tainan,201612,1886033,860.4
Tainan,201701,1886075,860.4
Tainan,201702,1886160,860.5
Tainan,201703,1886368,860.6
Tainan,201704,1886636,860.7
Tainan,201705,1886473,860.6
Tainan,201706,1886502,860.6
Tainan,201707,1886267,860.5
Tainan,201708,1886145,860.5
Tainan,201709,1886088,860.4
Tainan,201710,1886387,860.6
Tainan,201711,1886465,860.6
Tainan,201712,1886522,860.6
Tainan,201801,1886251,860.5
Tainan,201802,1886074,860.4
Tainan,201803,1885882,860.3
Tainan,201804,1885478,860.2
Tainan,201805,1884935,859.9
Tainan,201806,1884717,859.8
Tainan,201807,1884596,859.8
Tainan,201808,1884327,859.6
Tainan,201809,1884036,859.5
Tainan,201810,1883804,859.4
Tainan,201811,1883760,859.4
Tainan,201812,1883831,859.4
Tainan,201901,1883723,859.4
Tainan,201902,1883448,859.2
Tainan,201903,1883356,859.2
Tainan,201904,1883078,859.1
Tainan,201905,1882624,858.9
Kaohsiung,201001,2770989,992.2
Kaohsiung,201002,2771095,992.3
Kaohsiung,201003,2771291,992.3
Kaohsiung,201004,2771480,992.4
Kaohsiung,201005,2771665,992.5
Kaohsiung,201006,2770682,992.1
Kaohsiung,201007,2772349,992.7
Kaohsiung,201008,2772868,992.9
Kaohsiung,201009,2772777,992.9
Kaohsiung,201010,2772992,993.0
Kaohsiung,201011,2773592,993.2
Kaohsiung,201012,2773483,993.1
Kaohsiung,201101,2773433,993.1
Kaohsiung,201102,2772929,992.9
Kaohsiung,201103,2772834,992.9
Kaohsiung,201104,2772981,992.9
Kaohsiung,201105,2772850,992.9
Kaohsiung,201106,2772461,992.8
Kaohsiung,201107,2772647,992.8
Kaohsiung,201108,2772838,992.9
Kaohsiung,201109,2773157,993.0
Kaohsiung,201110,2773526,993.1
Kaohsiung,201111,2773855,993.3
Kaohsiung,201112,2774470,993.5
Kaohsiung,201201,2774925,993.6
Kaohsiung,201202,2774831,993.6
Kaohsiung,201203,2774586,993.5
Kaohsiung,201204,2774649,993.5
Kaohsiung,201205,2774730,993.6
Kaohsiung,201206,2775482,993.8
Kaohsiung,201207,2775734,993.9
Kaohsiung,201208,2776204,994.1
Kaohsiung,201209,2776550,994.2
Kaohsiung,201210,2777128,994.4
Kaohsiung,201211,2777897,994.7
Kaohsiung,201212,2778659,995.0
Kaohsiung,201301,2778798,995.0
Kaohsiung,201302,2779096,995.1
Kaohsiung,201303,2778936,995.1
Kaohsiung,201304,2778793,995.0
Kaohsiung,201305,2778920,995.1
Kaohsiung,201306,2779092,995.1
Kaohsiung,201307,2779416,995.3
Kaohsiung,201308,2779448,995.3
Kaohsiung,201309,2779246,995.2
Kaohsiung,201310,2779427,995.3
Kaohsiung,201311,2779563,995.3
Kaohsiung,201312,2779877,995.4
Kaohsiung,201401,2779790,995.4
Kaohsiung,201402,2779653,995.3
Kaohsiung,201403,2778669,995.0
Kaohsiung,201404,2778132,994.8
Kaohsiung,201405,2777415,994.5
Kaohsiung,201406,2777296,994.5
Kaohsiung,201407,2777240,994.5
Kaohsiung,201408,2777318,994.5
Kaohsiung,201409,2777461,994.6
Kaohsiung,201410,2777773,994.7
Kaohsiung,201411,2778155,994.8
Kaohsiung,201412,2778992,995.1
Kaohsiung,201501,2779355,995.2
Kaohsiung,201502,2779527,995.3
Kaohsiung,201503,2779136,995.2
Kaohsiung,201504,2778914,995.1
Kaohsiung,201505,2778793,995.0
Kaohsiung,201506,2778835,995.0
Kaohsiung,201507,2778276,994.8
Kaohsiung,201508,2777948,994.7
Kaohsiung,201509,2777870,994.7
Kaohsiung,201510,2778249,994.8
Kaohsiung,201511,2778512,994.9
Kaohsiung,201512,2778918,995.1
Kaohsiung,201601,2778729,995.0
Kaohsiung,201602,2778574,995.0
Kaohsiung,201603,2778240,994.8
Kaohsiung,201604,2778107,994.8
Kaohsiung,201605,2777784,994.7
Kaohsiung,201606,2778092,994.8
Kaohsiung,201607,2778285,994.8
Kaohsiung,201608,2778318,994.9
Kaohsiung,201609,2778332,994.9
Kaohsiung,201610,2778375,994.9
Kaohsiung,201611,2778770,995.0
Kaohsiung,201612,2779371,995.2
Kaohsiung,201701,2779332,995.2
Kaohsiung,201702,2779052,995.1
Kaohsiung,201703,2778726,995.0
Kaohsiung,201704,2778734,995.0
Kaohsiung,201705,2778415,994.9
Kaohsiung,201706,2778023,994.8
Kaohsiung,201707,2777873,994.7
Kaohsiung,201708,2777564,994.6
Kaohsiung,201709,2777021,994.4
Kaohsiung,201710,2776791,994.3
Kaohsiung,201711,2776846,994.3
Kaohsiung,201712,2776912,994.4
Kaohsiung,201801,2776786,994.3
Kaohsiung,201802,2776366,994.2
Kaohsiung,201803,2775935,994.0
Kaohsiung,201804,2775318,993.8
Kaohsiung,201805,2774323,993.4
Kaohsiung,201806,2773932,993.3
Kaohsiung,201807,2773506,993.1
Kaohsiung,201808,2773093,993.0
Kaohsiung,201809,2772820,992.9
Kaohsiung,201810,2772624,992.8
Kaohsiung,201811,2773001,993.0
Kaohsiung,201812,2773533,993.1
Kaohsiung,201901,2773607,993.2
Kaohsiung,201902,2773596,993.2
Kaohsiung,201903,2773271,993.1
Kaohsiung,201904,2773229,993.0
Kaohsiung,201905,2773026,993.0
Yilan,201001,461876,215.5
Yilan,201002,461901,215.5
Yilan,201003,461783,215.4
Yilan,201004,461592,215.3
Yilan,201005,461409,215.2
Yilan,201006,460604,214.9
Yilan,201007,460676,214.9
Yilan,201008,460719,214.9
Yilan,201009,460679,214.9
Yilan,201010,460570,214.9
Yilan,201011,460558,214.9
Yilan,201012,460486,214.8
Yilan,201101,460368,214.8
Yilan,201102,460220,214.7
Yilan,201103,460036,214.6
Yilan,201104,459746,214.5
Yilan,201105,459505,214.4
Yilan,201106,459349,214.3
Yilan,201107,459358,214.3
Yilan,201108,459347,214.3
Yilan,201109,459332,214.3
Yilan,201110,459296,214.3
Yilan,201111,459227,214.2
Yilan,201112,459061,214.2
Yilan,201201,459018,214.1
Yilan,201202,458792,214.0
Yilan,201203,458611,213.9
Yilan,201204,458479,213.9
Yilan,201205,458511,213.9
Yilan,201206,458616,213.9
Yilan,201207,458514,213.9
Yilan,201208,458550,213.9
Yilan,201209,458432,213.9
Yilan,201210,458438,213.9
Yilan,201211,458548,213.9
Yilan,201212,458595,213.9
Yilan,201301,458599,213.9
Yilan,201302,458599,213.9
Yilan,201303,458599,213.9
Yilan,201304,458552,213.9
Yilan,201305,458582,213.9
Yilan,201306,458602,213.9
Yilan,201307,458636,214.0
Yilan,201308,458648,214.0
Yilan,201309,458580,213.9
Yilan,201310,458558,213.9
Yilan,201311,458514,213.9
Yilan,201312,458456,213.9
Yilan,201401,458378,213.8
Yilan,201402,458312,213.8
Yilan,201403,458427,213.9
Yilan,201404,458550,213.9
Yilan,201405,458568,213.9
Yilan,201406,458771,214.0
Yilan,201407,458786,214.0
Yilan,201408,458877,214.1
Yilan,201409,458784,214.0
Yilan,201410,458799,214.0
Yilan,201411,458880,214.1
Yilan,201412,458777,214.0
Yilan,201501,458691,214.0
Yilan,201502,458490,213.9
Yilan,201503,458370,213.8
Yilan,201504,458273,213.8
Yilan,201505,458250,213.8
Yilan,201506,458313,213.8
Yilan,201507,458299,213.8
Yilan,201508,458375,213.8
Yilan,201509,458261,213.8
Yilan,201510,458078,213.7
Yilan,201511,458070,213.7
Yilan,201512,458117,213.7
Yilan,201601,458037,213.7
Yilan,201602,457995,213.7
Yilan,201603,457854,213.6
Yilan,201604,457815,213.6
Yilan,201605,457811,213.6
Yilan,201606,457808,213.6
Yilan,201607,457746,213.5
Yilan,201608,457788,213.6
Yilan,201609,457671,213.5
Yilan,201610,457599,213.5
Yilan,201611,457587,213.5
Yilan,201612,457538,213.4
Yilan,201701,457349,213.4
Yilan,201702,457323,213.3
Yilan,201703,457205,213.3
Yilan,201704,457093,213.2
Yilan,201705,457133,213.3
Yilan,201706,457106,213.2
Yilan,201707,456985,213.2
Yilan,201708,456904,213.1
Yilan,201709,456851,213.1
Yilan,201710,456756,213.1
Yilan,201711,456688,213.0
Yilan,201712,456607,213.0
Yilan,201801,456362,212.9
Yilan,201802,456259,212.8
Yilan,201803,456068,212.8
Yilan,201804,456066,212.8
Yilan,201805,456047,212.7
Yilan,201806,456006,212.7
Yilan,201807,455924,212.7
Yilan,201808,455758,212.6
Yilan,201809,455592,212.5
Yilan,201810,455508,212.5
Yilan,201811,455376,212.4
Yilan,201812,455221,212.4
Yilan,201901,455035,212.3
Yilan,201902,454922,212.2
Yilan,201903,454770,212.1
Yilan,201904,454732,212.1
Yilan,201905,454725,212.1
Hsinchu county,201001,511288,358.1
Hsinchu county,201002,511608,358.4
Hsinchu county,201003,511852,358.5
Hsinchu county,201004,512147,358.7
Hsinchu county,201005,511855,358.5
Hsinchu county,201006,509802,357.1
Hsinchu county,201007,510874,357.9
Hsinchu county,201008,511644,358.4
Hsinchu county,201009,512097,358.7
Hsinchu county,201010,512353,358.9
Hsinchu county,201011,512541,359.0
Hsinchu county,201012,513015,359.4
Hsinchu county,201101,513220,359.5
Hsinchu county,201102,513513,359.7
Hsinchu county,201103,513838,359.9
Hsinchu county,201104,514228,360.2
Hsinchu county,201105,514728,360.6
Hsinchu county,201106,515044,360.8
Hsinchu county,201107,515619,361.2
Hsinchu county,201108,516143,361.5
Hsinchu county,201109,516650,361.9
Hsinchu county,201110,517114,362.2
Hsinchu county,201111,517309,362.4
Hsinchu county,201112,517641,362.6
Hsinchu county,201201,517853,362.7
Hsinchu county,201202,518371,363.1
Hsinchu county,201203,518831,363.4
Hsinchu county,201204,519181,363.7
Hsinchu county,201205,519704,364.0
Hsinchu county,201206,520234,364.4
Hsinchu county,201207,520776,364.8
Hsinchu county,201208,521578,365.4
Hsinchu county,201209,522376,365.9
Hsinchu county,201210,522855,366.3
Hsinchu county,201211,523333,366.6
Hsinchu county,201212,523993,367.0
Hsinchu county,201301,524559,367.4
Hsinchu county,201302,524920,367.7
Hsinchu county,201303,525327,368.0
Hsinchu county,201304,525825,368.3
Hsinchu county,201305,526438,368.8
Hsinchu county,201306,526920,369.1
Hsinchu county,201307,527609,369.6
Hsinchu county,201308,528376,370.1
Hsinchu county,201309,529175,370.7
Hsinchu county,201310,529554,370.9
Hsinchu county,201311,530004,371.3
Hsinchu county,201312,530486,371.6
Hsinchu county,201401,530882,371.9
Hsinchu county,201402,531303,372.2
Hsinchu county,201403,531723,372.5
Hsinchu county,201404,532474,373.0
Hsinchu county,201405,533361,373.6
Hsinchu county,201406,533851,374.0
Hsinchu county,201407,534493,374.4
Hsinchu county,201408,535307,375.0
Hsinchu county,201409,536111,375.5
Hsinchu county,201410,536539,375.8
Hsinchu county,201411,536954,376.1
Hsinchu county,201412,537630,376.6
Hsinchu county,201501,537907,376.8
Hsinchu county,201502,537978,376.8
Hsinchu county,201503,538071,376.9
Hsinchu county,201504,538153,377.0
Hsinchu county,201505,538712,377.4
Hsinchu county,201506,539173,377.7
Hsinchu county,201507,539620,378.0
Hsinchu county,201508,540193,378.4
Hsinchu county,201509,540605,378.7
Hsinchu county,201510,541078,379.0
Hsinchu county,201511,541527,379.3
Hsinchu county,201512,542042,379.7
Hsinchu county,201601,542513,380.0
Hsinchu county,201602,542821,380.2
Hsinchu county,201603,543183,380.5
Hsinchu county,201604,543600,380.8
Hsinchu county,201605,544198,381.2
Hsinchu county,201606,544624,381.5
Hsinchu county,201607,545204,381.9
Hsinchu county,201608,545674,382.2
Hsinchu county,201609,546272,382.7
Hsinchu county,201610,546672,382.9
Hsinchu county,201611,546934,383.1
Hsinchu county,201612,547481,383.5
Hsinchu county,201701,547794,383.7
Hsinchu county,201702,548090,383.9
Hsinchu county,201703,548418,384.2
Hsinchu county,201704,548660,384.3
Hsinchu county,201705,549118,384.6
Hsinchu county,201706,549580,385.0
Hsinchu county,201707,550070,385.3
Hsinchu county,201708,550621,385.7
Hsinchu county,201709,551201,386.1
Hsinchu county,201710,551447,386.3
Hsinchu county,201711,551816,386.5
Hsinchu county,201712,552169,386.8
Hsinchu county,201801,552334,386.9
Hsinchu county,201802,552488,387.0
Hsinchu county,201803,552877,387.3
Hsinchu county,201804,553250,387.5
Hsinchu county,201805,553978,388.1
Hsinchu county,201806,554541,388.4
Hsinchu county,201807,555074,388.8
Hsinchu county,201808,555604,389.2
Hsinchu county,201809,556056,389.5
Hsinchu county,201810,556307,389.7
Hsinchu county,201811,556622,389.9
Hsinchu county,201812,557010,390.2
Hsinchu county,201901,557349,390.4
Hsinchu county,201902,557641,390.6
Hsinchu county,201903,558020,390.9
Hsinchu county,201904,558507,391.2
Hsinchu county,201905,559317,391.8
Miaoli,201001,561946,308.7
Miaoli,201002,561946,308.7
Miaoli,201003,561622,308.5
Miaoli,201004,561392,308.4
Miaoli,201005,561319,308.4
Miaoli,201006,559921,307.6
Miaoli,201007,560214,307.8
Miaoli,201008,560561,307.9
Miaoli,201009,560557,307.9
Miaoli,201010,560617,308.0
Miaoli,201011,560795,308.1
Miaoli,201012,560968,308.2
Miaoli,201101,561016,308.2
Miaoli,201102,560890,308.1
Miaoli,201103,560802,308.1
Miaoli,201104,560791,308.1
Miaoli,201105,560766,308.1
Miaoli,201106,560813,308.1
Miaoli,201107,560940,308.2
Miaoli,201108,561226,308.3
Miaoli,201109,561295,308.4
Miaoli,201110,561523,308.5
Miaoli,201111,561833,308.6
Miaoli,201112,562010,308.7
Miaoli,201201,562164,308.8
Miaoli,201202,562190,308.8
Miaoli,201203,562259,308.9
Miaoli,201204,562372,308.9
Miaoli,201205,562507,309.0
Miaoli,201206,562684,309.1
Miaoli,201207,562762,309.2
Miaoli,201208,562888,309.2
Miaoli,201209,563013,309.3
Miaoli,201210,563300,309.5
Miaoli,201211,563660,309.6
Miaoli,201212,563976,309.8
Miaoli,201301,564223,310.0
Miaoli,201302,564343,310.0
Miaoli,201303,564386,310.0
Miaoli,201304,564354,310.0
Miaoli,201305,564492,310.1
Miaoli,201306,564647,310.2
Miaoli,201307,564806,310.3
Miaoli,201308,565023,310.4
Miaoli,201309,565107,310.4
Miaoli,201310,565252,310.5
Miaoli,201311,565369,310.6
Miaoli,201312,565554,310.7
Miaoli,201401,565661,310.7
Miaoli,201402,565666,310.8
Miaoli,201403,565693,310.8
Miaoli,201404,565965,310.9
Miaoli,201405,566262,311.1
Miaoli,201406,566446,311.2
Miaoli,201407,566704,311.3
Miaoli,201408,566818,311.4
Miaoli,201409,566918,311.4
Miaoli,201410,567044,311.5
Miaoli,201411,567202,311.6
Miaoli,201412,567132,311.6
Miaoli,201501,567092,311.5
Miaoli,201502,567004,311.5
Miaoli,201503,566585,311.3
Miaoli,201504,566199,311.0
Miaoli,201505,565795,310.8
Miaoli,201506,565704,310.8
Miaoli,201507,565300,310.6
Miaoli,201508,564855,310.3
Miaoli,201509,564549,310.1
Miaoli,201510,564305,310.0
Miaoli,201511,564111,309.9
Miaoli,201512,563912,309.8
Miaoli,201601,563489,309.6
Miaoli,201602,563084,309.3
Miaoli,201603,562473,309.0
Miaoli,201604,562133,308.8
Miaoli,201605,561755,308.6
Miaoli,201606,561495,308.5
Miaoli,201607,561138,308.3
Miaoli,201608,560745,308.0
Miaoli,201609,560271,307.8
Miaoli,201610,559886,307.6
Miaoli,201611,559557,307.4
Miaoli,201612,559189,307.2
Miaoli,201701,558779,307.0
Miaoli,201702,558373,306.7
Miaoli,201703,557741,306.4
Miaoli,201704,557225,306.1
Miaoli,201705,556638,305.8
Miaoli,201706,556324,305.6
Miaoli,201707,555972,305.4
Miaoli,201708,555485,305.2
Miaoli,201709,555049,304.9
Miaoli,201710,554652,304.7
Miaoli,201711,554267,304.5
Miaoli,201712,553807,304.2
Miaoli,201801,553245,303.9
Miaoli,201802,552807,303.7
Miaoli,201803,552161,303.3
Miaoli,201804,551791,303.1
Miaoli,201805,551337,302.9
Miaoli,201806,551082,302.7
Miaoli,201807,550825,302.6
Miaoli,201808,550386,302.4
Miaoli,201809,550085,302.2
Miaoli,201810,549798,302.0
Miaoli,201811,549405,301.8
Miaoli,201812,548863,301.5
Miaoli,201901,548403,301.3
Miaoli,201902,548124,301.1
Miaoli,201903,547692,300.9
Miaoli,201904,547387,300.7
Miaoli,201905,547037,300.5
Changhua,201001,1312491,1221.6
Changhua,201002,1312355,1221.5
Changhua,201003,1311701,1220.9
Changhua,201004,1311188,1220.4
Changhua,201005,1310398,1219.7
Changhua,201006,1308926,1218.3
Changhua,201007,1308676,1218.1
Changhua,201008,1308326,1217.7
Changhua,201009,1307843,1217.3
Changhua,201010,1307500,1217.0
Changhua,201011,1307465,1216.9
Changhua,201012,1307286,1216.8
Changhua,201101,1306789,1216.3
Changhua,201102,1306423,1216.0
Changhua,201103,1305744,1215.3
Changhua,201104,1305243,1214.9
Changhua,201105,1304675,1214.3
Changhua,201106,1304216,1213.9
Changhua,201107,1304097,1213.8
Changhua,201108,1303741,1213.5
Changhua,201109,1303192,1213.0
Changhua,201110,1303054,1212.8
Changhua,201111,1303062,1212.8
Changhua,201112,1303039,1212.8
Changhua,201201,1302754,1212.5
Changhua,201202,1302193,1212.0
Changhua,201203,1301506,1211.4
Changhua,201204,1301053,1211.0
Changhua,201205,1300589,1210.5
Changhua,201206,1300618,1210.6
Changhua,201207,1300223,1210.2
Changhua,201208,1299734,1209.7
Changhua,201209,1299446,1209.5
Changhua,201210,1299606,1209.6
Changhua,201211,1299692,1209.7
Changhua,201212,1299868,1209.9
Changhua,201301,1299724,1209.7
Changhua,201302,1299549,1209.6
Changhua,201303,1299274,1209.3
Changhua,201304,1298913,1209.0
Changhua,201305,1298286,1208.4
Changhua,201306,1297968,1208.1
Changhua,201307,1297666,1207.8
Changhua,201308,1297167,1207.3
Changhua,201309,1296660,1206.9
Changhua,201310,1296420,1206.7
Changhua,201311,1296160,1206.4
Changhua,201312,1296013,1206.3
Changhua,201401,1295658,1205.9
Changhua,201402,1295375,1205.7
Changhua,201403,1294911,1205.2
Changhua,201404,1294433,1204.8
Changhua,201405,1293997,1204.4
Changhua,201406,1293530,1204.0
Changhua,201407,1293129,1203.6
Changhua,201408,1292599,1203.1
Changhua,201409,1292126,1202.7
Changhua,201410,1292098,1202.6
Changhua,201411,1292226,1202.7
Changhua,201412,1291474,1202.0
Changhua,201501,1291312,1201.9
Changhua,201502,1291053,1201.7
Changhua,201503,1290495,1201.1
Changhua,201504,1289792,1200.5
Changhua,201505,1289506,1200.2
Changhua,201506,1289274,1200.0
Changhua,201507,1288930,1199.7
Changhua,201508,1288529,1199.3
Changhua,201509,1288295,1199.1
Changhua,201510,1288346,1199.1
Changhua,201511,1288696,1199.5
Changhua,201512,1289072,1199.8
Changhua,201601,1289295,1200.0
Changhua,201602,1289209,1199.9
Changhua,201603,1288945,1199.7
Changhua,201604,1288923,1199.7
Changhua,201605,1288776,1199.5
Changhua,201606,1288803,1199.6
Changhua,201607,1288970,1199.7
Changhua,201608,1288345,1199.1
Changhua,201609,1287665,1198.5
Changhua,201610,1287450,1198.3
Changhua,201611,1287165,1198.0
Changhua,201612,1287146,1198.0
Changhua,201701,1286842,1197.7
Changhua,201702,1286346,1197.3
Changhua,201703,1285885,1196.8
Changhua,201704,1285450,1196.4
Changhua,201705,1284785,1195.8
Changhua,201706,1284423,1195.5
Changhua,201707,1284045,1195.1
Changhua,201708,1283426,1194.6
Changhua,201709,1282991,1194.2
Changhua,201710,1282934,1194.1
Changhua,201711,1282669,1193.9
Changhua,201712,1282458,1193.7
Changhua,201801,1281940,1193.2
Changhua,201802,1281304,1192.6
Changhua,201803,1280528,1191.9
Changhua,201804,1280038,1191.4
Changhua,201805,1279460,1190.9
Changhua,201806,1279276,1190.7
Changhua,201807,1278945,1190.4
Changhua,201808,1278568,1190.0
Changhua,201809,1278311,1189.8
Changhua,201810,1278437,1189.9
Changhua,201811,1278371,1189.9
Changhua,201812,1277824,1189.3
Changhua,201901,1277176,1188.7
Changhua,201902,1276766,1188.4
Changhua,201903,1276289,1187.9
Changhua,201904,1275669,1187.3
Changhua,201905,1275111,1186.8
Nantou,201001,530875,129.3
Nantou,201002,530705,129.2
Nantou,201003,530198,129.1
Nantou,201004,529767,129.0
Nantou,201005,529321,128.9
Nantou,201006,528283,128.6
Nantou,201007,527940,128.6
Nantou,201008,527774,128.5
Nantou,201009,527299,128.4
Nantou,201010,526911,128.3
Nantou,201011,526732,128.3
Nantou,201012,526491,128.2
Nantou,201101,526179,128.1
Nantou,201102,525940,128.1
Nantou,201103,525553,128.0
Nantou,201104,525286,127.9
Nantou,201105,524845,127.8
Nantou,201106,524426,127.7
Nantou,201107,524126,127.6
Nantou,201108,523805,127.6
Nantou,201109,523491,127.5
Nantou,201110,523176,127.4
Nantou,201111,522963,127.4
Nantou,201112,522807,127.3
Nantou,201201,522562,127.3
Nantou,201202,522201,127.2
Nantou,201203,521902,127.1
Nantou,201204,521804,127.1
Nantou,201205,521452,127.0
Nantou,201206,521218,126.9
Nantou,201207,520992,126.9
Nantou,201208,520640,126.8
Nantou,201209,520374,126.7
Nantou,201210,520289,126.7
Nantou,201211,520278,126.7
Nantou,201212,520196,126.7
Nantou,201301,520043,126.6
Nantou,201302,519921,126.6
Nantou,201303,519733,126.6
Nantou,201304,519426,126.5
Nantou,201305,519055,126.4
Nantou,201306,518738,126.3
Nantou,201307,518531,126.3
Nantou,201308,518312,126.2
Nantou,201309,517984,126.1
Nantou,201310,517701,126.1
Nantou,201311,517460,126.0
Nantou,201312,517222,126.0
Nantou,201401,517037,125.9
Nantou,201402,516731,125.8
Nantou,201403,516315,125.7
Nantou,201404,516207,125.7
Nantou,201405,515996,125.7
Nantou,201406,515784,125.6
Nantou,201407,515564,125.6
Nantou,201408,515345,125.5
Nantou,201409,515081,125.4
Nantou,201410,514894,125.4
Nantou,201411,514836,125.4
Nantou,201412,514315,125.2
Nantou,201501,513970,125.2
Nantou,201502,513696,125.1
Nantou,201503,513092,124.9
Nantou,201504,512460,124.8
Nantou,201505,511940,124.7
Nantou,201506,511518,124.6
Nantou,201507,511060,124.5
Nantou,201508,510632,124.3
Nantou,201509,510094,124.2
Nantou,201510,509911,124.2
Nantou,201511,509738,124.1
Nantou,201512,509490,124.1
Nantou,201601,509162,124.0
Nantou,201602,508586,123.9
Nantou,201603,508146,123.7
Nantou,201604,507852,123.7
Nantou,201605,507421,123.6
Nantou,201606,507210,123.5
Nantou,201607,506966,123.5
Nantou,201608,506530,123.4
Nantou,201609,506052,123.2
Nantou,201610,505660,123.1
Nantou,201611,505371,123.1
Nantou,201612,505163,123.0
Nantou,201701,504838,122.9
Nantou,201702,504561,122.9
Nantou,201703,504098,122.8
Nantou,201704,503862,122.7
Nantou,201705,503575,122.6
Nantou,201706,503261,122.6
Nantou,201707,502932,122.5
Nantou,201708,502482,122.4
Nantou,201709,502095,122.3
Nantou,201710,501757,122.2
Nantou,201711,501474,122.1
Nantou,201712,501051,122.0
Nantou,201801,500686,121.9
Nantou,201802,500449,121.9
Nantou,201803,500103,121.8
Nantou,201804,499879,121.7
Nantou,201805,499531,121.6
Nantou,201806,499194,121.6
Nantou,201807,498851,121.5
Nantou,201808,498425,121.4
Nantou,201809,498117,121.3
Nantou,201810,497876,121.2
Nantou,201811,497486,121.1
Nantou,201812,497031,121.0
Nantou,201901,496606,120.9
Nantou,201902,496435,120.9
Nantou,201903,496167,120.8
Nantou,201904,495891,120.8
Nantou,201905,495546,120.7
Yunlin,201001,722688,559.9
Yunlin,201002,722615,559.8
Yunlin,201003,721784,559.2
Yunlin,201004,721121,558.6
Yunlin,201005,720469,558.1
Yunlin,201006,718671,556.7
Yunlin,201007,718231,556.4
Yunlin,201008,718196,556.4
Yunlin,201009,718054,556.3
Yunlin,201010,717915,556.2
Yunlin,201011,717763,556.0
Yunlin,201012,717653,556.0
Yunlin,201101,717131,555.6
Yunlin,201102,716827,555.3
Yunlin,201103,716457,555.0
Yunlin,201104,716101,554.8
Yunlin,201105,715770,554.5
Yunlin,201106,715288,554.1
Yunlin,201107,714876,553.8
Yunlin,201108,714539,553.5
Yunlin,201109,714245,553.3
Yunlin,201110,714078,553.2
Yunlin,201111,713756,552.9
Yunlin,201112,713556,552.8
Yunlin,201201,713295,552.6
Yunlin,201202,712989,552.3
Yunlin,201203,712747,552.2
Yunlin,201204,712529,552.0
Yunlin,201205,712102,551.7
Yunlin,201206,711887,551.5
Yunlin,201207,711538,551.2
Yunlin,201208,711394,551.1
Yunlin,201209,711041,550.8
Yunlin,201210,711183,550.9
Yunlin,201211,711000,550.8
Yunlin,201212,710991,550.8
Yunlin,201301,710829,550.7
Yunlin,201302,710574,550.5
Yunlin,201303,710269,550.2
Yunlin,201304,709814,549.9
Yunlin,201305,709698,549.8
Yunlin,201306,709491,549.6
Yunlin,201307,709202,549.4
Yunlin,201308,708864,549.1
Yunlin,201309,708574,548.9
Yunlin,201310,708373,548.8
Yunlin,201311,708044,548.5
Yunlin,201312,707792,548.3
Yunlin,201401,707389,548.0
Yunlin,201402,707188,547.9
Yunlin,201403,706958,547.7
Yunlin,201404,707151,547.8
Yunlin,201405,707199,547.9
Yunlin,201406,707282,547.9
Yunlin,201407,707199,547.9
Yunlin,201408,706941,547.7
Yunlin,201409,706688,547.5
Yunlin,201410,706634,547.4
Yunlin,201411,706174,547.1
Yunlin,201412,705356,546.4
Yunlin,201501,704784,546.0
Yunlin,201502,704241,545.6
Yunlin,201503,703407,544.9
Yunlin,201504,702881,544.5
Yunlin,201505,702304,544.1
Yunlin,201506,701898,543.8
Yunlin,201507,701280,543.3
Yunlin,201508,700846,542.9
Yunlin,201509,700437,542.6
Yunlin,201510,700127,542.4
Yunlin,201511,699793,542.1
Yunlin,201512,699633,542.0
Yunlin,201601,699236,541.7
Yunlin,201602,698753,541.3
Yunlin,201603,698187,540.9
Yunlin,201604,697752,540.5
Yunlin,201605,697318,540.2
Yunlin,201606,697105,540.0
Yunlin,201607,696691,539.7
Yunlin,201608,696315,539.4
Yunlin,201609,695925,539.1
Yunlin,201610,695628,538.9
Yunlin,201611,695195,538.6
Yunlin,201612,694873,538.3
Yunlin,201701,694519,538.0
Yunlin,201702,693987,537.6
Yunlin,201703,693525,537.3
Yunlin,201704,693209,537.0
Yunlin,201705,692818,536.7
Yunlin,201706,692570,536.5
Yunlin,201707,692074,536.1
Yunlin,201708,691673,535.8
Yunlin,201709,691348,535.6
Yunlin,201710,691021,535.3
Yunlin,201711,690662,535.0
Yunlin,201712,690373,534.8
Yunlin,201801,689861,534.4
Yunlin,201802,689463,534.1
Yunlin,201803,689098,533.8
Yunlin,201804,689003,533.8
Yunlin,201805,688781,533.6
Yunlin,201806,688717,533.5
Yunlin,201807,688559,533.4
Yunlin,201808,688081,533.0
Yunlin,201809,687646,532.7
Yunlin,201810,687195,532.4
Yunlin,201811,686674,532.0
Yunlin,201812,686022,531.5
Yunlin,201901,685354,530.9
Yunlin,201902,684759,530.5
Yunlin,201903,684241,530.1
Yunlin,201904,683898,529.8
Yunlin,201905,683589,529.6
Chiayi county,201001,547709,288.0
Chiayi county,201002,547628,288.0
Chiayi county,201003,546901,287.6
Chiayi county,201004,546386,287.3
Chiayi county,201005,545878,287.1
Chiayi county,201006,544782,286.5
Chiayi county,201007,544374,286.3
Chiayi county,201008,544236,286.2
Chiayi county,201009,543853,286.0
Chiayi county,201010,543738,285.9
Chiayi county,201011,543552,285.8
Chiayi county,201012,543248,285.7
Chiayi county,201101,542832,285.5
Chiayi county,201102,542288,285.2
Chiayi county,201103,541637,284.8
Chiayi county,201104,541148,284.6
Chiayi county,201105,540664,284.3
Chiayi county,201106,540059,284.0
Chiayi county,201107,539667,283.8
Chiayi county,201108,539162,283.5
Chiayi county,201109,538779,283.3
Chiayi county,201110,538436,283.1
Chiayi county,201111,538209,283.0
Chiayi county,201112,537942,282.9
Chiayi county,201201,537628,282.7
Chiayi county,201202,537072,282.4
Chiayi county,201203,536373,282.1
Chiayi county,201204,535845,281.8
Chiayi county,201205,535353,281.5
Chiayi county,201206,535045,281.4
Chiayi county,201207,534686,281.2
Chiayi county,201208,534387,281.0
Chiayi county,201209,534178,280.9
Chiayi county,201210,533985,280.8
Chiayi county,201211,533933,280.8
Chiayi county,201212,533723,280.7
Chiayi county,201301,533404,280.5
Chiayi county,201302,533106,280.3
Chiayi county,201303,532541,280.0
Chiayi county,201304,531949,279.7
Chiayi county,201305,531492,279.5
Chiayi county,201306,531026,279.2
Chiayi county,201307,530718,279.1
Chiayi county,201308,530365,278.9
Chiayi county,201309,530004,278.7
Chiayi county,201310,529750,278.6
Chiayi county,201311,529568,278.5
Chiayi county,201312,529229,278.3
Chiayi county,201401,528825,278.1
Chiayi county,201402,528148,277.7
Chiayi county,201403,527721,277.5
Chiayi county,201404,527470,277.4
Chiayi county,201405,527196,277.2
Chiayi county,201406,526936,277.1
Chiayi county,201407,526735,277.0
Chiayi county,201408,526469,276.8
Chiayi county,201409,526028,276.6
Chiayi county,201410,525775,276.5
Chiayi county,201411,525579,276.4
Chiayi county,201412,524783,276.0
Chiayi county,201501,524276,275.7
Chiayi county,201502,523835,275.5
Chiayi county,201503,523162,275.1
Chiayi county,201504,522587,274.8
Chiayi county,201505,522065,274.5
Chiayi county,201506,521591,274.3
Chiayi county,201507,521186,274.1
Chiayi county,201508,520910,273.9
Chiayi county,201509,520670,273.8
Chiayi county,201510,520424,273.7
Chiayi county,201511,520119,273.5
Chiayi county,201512,519839,273.4
Chiayi county,201601,519482,273.2
Chiayi county,201602,519045,272.9
Chiayi county,201603,518507,272.7
Chiayi county,201604,518026,272.4
Chiayi county,201605,517698,272.2
Chiayi county,201606,517339,272.0
Chiayi county,201607,517224,272.0
Chiayi county,201608,516915,271.8
Chiayi county,201609,516531,271.6
Chiayi county,201610,516218,271.5
Chiayi county,201611,515835,271.3
Chiayi county,201612,515320,271.0
Chiayi county,201701,515012,270.8
Chiayi county,201702,514717,270.7
Chiayi county,201703,514134,270.4
Chiayi county,201704,513772,270.2
Chiayi county,201705,513393,270.0
Chiayi county,201706,513082,269.8
Chiayi county,201707,512792,269.7
Chiayi county,201708,512548,269.5
Chiayi county,201709,512064,269.3
Chiayi county,201710,511797,269.1
Chiayi county,201711,511520,269.0
Chiayi county,201712,511182,268.8
Chiayi county,201801,510806,268.6
Chiayi county,201802,510498,268.4
Chiayi county,201803,510018,268.2
Chiayi county,201804,509677,268.0
Chiayi county,201805,509360,267.8
Chiayi county,201806,509161,267.7
Chiayi county,201807,508729,267.5
Chiayi county,201808,508372,267.3
Chiayi county,201809,508038,267.2
Chiayi county,201810,507780,267.0
Chiayi county,201811,507462,266.9
Chiayi county,201812,507068,266.6
Chiayi county,201901,506559,266.4
Chiayi county,201902,506206,266.2
Chiayi county,201903,505785,266.0
Chiayi county,201904,505408,265.8
Chiayi county,201905,505035,265.6
Pingtung,201001,882339,317.9
Pingtung,201002,882191,317.8
Pingtung,201003,881385,317.5
Pingtung,201004,880550,317.2
Pingtung,201005,879746,317.0
Pingtung,201006,878062,316.4
Pingtung,201007,877109,316.0
Pingtung,201008,876181,315.7
Pingtung,201009,875379,315.4
Pingtung,201010,874696,315.1
Pingtung,201011,874081,314.9
Pingtung,201012,873509,314.7
Pingtung,201101,872893,314.5
Pingtung,201102,872262,314.3
Pingtung,201103,871462,314.0
Pingtung,201104,870567,313.6
Pingtung,201105,869617,313.3
Pingtung,201106,868827,313.0
Pingtung,201107,868138,312.8
Pingtung,201108,867113,312.4
Pingtung,201109,866145,312.1
Pingtung,201110,865515,311.8
Pingtung,201111,864979,311.6
Pingtung,201112,864529,311.5
Pingtung,201201,864081,311.3
Pingtung,201202,863540,311.1
Pingtung,201203,862946,310.9
Pingtung,201204,862363,310.7
Pingtung,201205,861928,310.5
Pingtung,201206,861373,310.3
Pingtung,201207,860759,310.1
Pingtung,201208,860044,309.9
Pingtung,201209,859423,309.6
Pingtung,201210,859066,309.5
Pingtung,201211,858739,309.4
Pingtung,201212,858441,309.3
Pingtung,201301,857939,309.1
Pingtung,201302,857569,309.0
Pingtung,201303,857017,308.8
Pingtung,201304,856522,308.6
Pingtung,201305,855733,308.3
Pingtung,201306,855345,308.2
Pingtung,201307,854789,308.0
Pingtung,201308,854226,307.8
Pingtung,201309,853607,307.5
Pingtung,201310,853130,307.4
Pingtung,201311,852837,307.3
Pingtung,201312,852286,307.1
Pingtung,201401,851774,306.9
Pingtung,201402,851432,306.8
Pingtung,201403,851127,306.6
Pingtung,201404,850931,306.6
Pingtung,201405,850693,306.5
Pingtung,201406,850527,306.4
Pingtung,201407,850166,306.3
Pingtung,201408,849794,306.2
Pingtung,201409,849326,306.0
Pingtung,201410,849113,305.9
Pingtung,201411,848804,305.8
Pingtung,201412,847917,305.5
Pingtung,201501,847155,305.2
Pingtung,201502,846650,305.0
Pingtung,201503,845779,304.7
Pingtung,201504,845079,304.5
Pingtung,201505,844445,304.2
Pingtung,201506,843981,304.1
Pingtung,201507,843522,303.9
Pingtung,201508,842976,303.7
Pingtung,201509,842425,303.5
Pingtung,201510,842097,303.4
Pingtung,201511,841669,303.2
Pingtung,201512,841253,303.1
Pingtung,201601,840931,303.0
Pingtung,201602,840408,302.8
Pingtung,201603,839760,302.6
Pingtung,201604,839339,302.4
Pingtung,201605,839001,302.3
Pingtung,201606,838584,302.1
Pingtung,201607,838166,302.0
Pingtung,201608,837700,301.8
Pingtung,201609,837048,301.6
Pingtung,201610,836699,301.4
Pingtung,201611,836243,301.3
Pingtung,201612,835792,301.1
Pingtung,201701,835409,301.0
Pingtung,201702,834807,300.8
Pingtung,201703,834191,300.5
Pingtung,201704,833602,300.3
Pingtung,201705,832994,300.1
Pingtung,201706,832489,299.9
Pingtung,201707,832127,299.8
Pingtung,201708,831629,299.6
Pingtung,201709,831073,299.4
Pingtung,201710,830697,299.3
Pingtung,201711,830303,299.1
Pingtung,201712,829939,299.0
Pingtung,201801,829475,298.8
Pingtung,201802,829094,298.7
Pingtung,201803,828654,298.5
Pingtung,201804,828524,298.5
Pingtung,201805,828463,298.5
Pingtung,201806,828275,298.4
Pingtung,201807,828083,298.3
Pingtung,201808,827599,298.2
Pingtung,201809,827051,298.0
Pingtung,201810,826779,297.9
Pingtung,201811,826323,297.7
Pingtung,201812,825406,297.4
Pingtung,201901,824587,297.1
Pingtung,201902,823952,296.9
Pingtung,201903,823256,296.6
Pingtung,201904,822709,296.4
Pingtung,201905,822270,296.2
Taitung,201001,232821,66.2
Taitung,201002,232913,66.3
Taitung,201003,232688,66.2
Taitung,201004,232491,66.1
Taitung,201005,232226,66.1
Taitung,201006,231737,65.9
Taitung,201007,231421,65.8
Taitung,201008,231140,65.8
Taitung,201009,230941,65.7
Taitung,201010,230832,65.7
Taitung,201011,230729,65.6
Taitung,201012,230673,65.6
Taitung,201101,230513,65.6
Taitung,201102,230314,65.5
Taitung,201103,230140,65.5
Taitung,201104,229949,65.4
Taitung,201105,229703,65.3
Taitung,201106,229420,65.3
Taitung,201107,229199,65.2
Taitung,201108,228890,65.1
Taitung,201109,228631,65.0
Taitung,201110,228454,65.0
Taitung,201111,228430,65.0
Taitung,201112,228290,64.9
Taitung,201201,228118,64.9
Taitung,201202,227934,64.8
Taitung,201203,227772,64.8
Taitung,201204,227578,64.7
Taitung,201205,227400,64.7
Taitung,201206,227194,64.6
Taitung,201207,227014,64.6
Taitung,201208,226778,64.5
Taitung,201209,226621,64.5
Taitung,201210,226513,64.4
Taitung,201211,226383,64.4
Taitung,201212,226252,64.4
Taitung,201301,226093,64.3
Taitung,201302,226047,64.3
Taitung,201303,225898,64.3
Taitung,201304,225834,64.2
Taitung,201305,225558,64.2
Taitung,201306,225407,64.1
Taitung,201307,225270,64.1
Taitung,201308,225137,64.0
Taitung,201309,224989,64.0
Taitung,201310,224936,64.0
Taitung,201311,224875,64.0
Taitung,201312,224821,64.0
Taitung,201401,224738,63.9
Taitung,201402,224753,63.9
Taitung,201403,224675,63.9
Taitung,201404,224803,64.0
Taitung,201405,224905,64.0
Taitung,201406,225041,64.0
Taitung,201407,225170,64.1
Taitung,201408,225061,64.0
Taitung,201409,224931,64.0
Taitung,201410,224807,64.0
Taitung,201411,224719,63.9
Taitung,201412,224470,63.9
Taitung,201501,224218,63.8
Taitung,201502,224092,63.7
Taitung,201503,223831,63.7
Taitung,201504,223559,63.6
Taitung,201505,223326,63.5
Taitung,201506,223189,63.5
Taitung,201507,223025,63.4
Taitung,201508,222967,63.4
Taitung,201509,222910,63.4
Taitung,201510,222708,63.4
Taitung,201511,222645,63.3
Taitung,201512,222452,63.3
Taitung,201601,222244,63.2
Taitung,201602,222118,63.2
Taitung,201603,221974,63.1
Taitung,201604,221817,63.1
Taitung,201605,221633,63.0
Taitung,201606,221504,63.0
Taitung,201607,221408,63.0
Taitung,201608,221324,63.0
Taitung,201609,221199,62.9
Taitung,201610,221098,62.9
Taitung,201611,220942,62.9
Taitung,201612,220802,62.8
Taitung,201701,220712,62.8
Taitung,201702,220632,62.8
Taitung,201703,220465,62.7
Taitung,201704,220244,62.7
Taitung,201705,220191,62.6
Taitung,201706,220083,62.6
Taitung,201707,219974,62.6
Taitung,201708,219879,62.5
Taitung,201709,219716,62.5
Taitung,201710,219686,62.5
Taitung,201711,219627,62.5
Taitung,201712,219540,62.5
Taitung,201801,219467,62.4
Taitung,201802,219436,62.4
Taitung,201803,219466,62.4
Taitung,201804,219628,62.5
Taitung,201805,219744,62.5
Taitung,201806,219643,62.5
Taitung,201807,219584,62.5
Taitung,201808,219489,62.4
Taitung,201809,219342,62.4
Taitung,201810,219268,62.4
Taitung,201811,219145,62.3
Taitung,201812,218919,62.3
Taitung,201901,218691,62.2
Taitung,201902,218513,62.2
Taitung,201903,218256,62.1
Taitung,201904,218119,62.0
Taitung,201905,217936,62.0
Hualien,201001,341026,73.7
Hualien,201002,340997,73.7
Hualien,201003,340794,73.6
Hualien,201004,340705,73.6
Hualien,201005,340423,73.5
Hualien,201006,339671,73.4
Hualien,201007,339659,73.4
Hualien,201008,339546,73.4
Hualien,201009,339295,73.3
Hualien,201010,339092,73.3
Hualien,201011,338961,73.2
Hualien,201012,338805,73.2
Hualien,201101,338634,73.2
Hualien,201102,338481,73.1
Hualien,201103,338276,73.1
Hualien,201104,338048,73.0
Hualien,201105,337758,73.0
Hualien,201106,337557,72.9
Hualien,201107,337382,72.9
Hualien,201108,337193,72.9
Hualien,201109,336978,72.8
Hualien,201110,336885,72.8
Hualien,201111,336836,72.8
Hualien,201112,336838,72.8
Hualien,201201,336733,72.8
Hualien,201202,336621,72.7
Hualien,201203,336485,72.7
Hualien,201204,336318,72.7
Hualien,201205,336076,72.6
Hualien,201206,336020,72.6
Hualien,201207,335794,72.5
Hualien,201208,335522,72.5
Hualien,201209,335331,72.4
Hualien,201210,335288,72.4
Hualien,201211,335223,72.4
Hualien,201212,335190,72.4
Hualien,201301,334989,72.4
Hualien,201302,334991,72.4
Hualien,201303,334872,72.3
Hualien,201304,334712,72.3
Hualien,201305,334513,72.3
Hualien,201306,334468,72.3
Hualien,201307,334302,72.2
Hualien,201308,334128,72.2
Hualien,201309,334039,72.2
Hualien,201310,334014,72.2
Hualien,201311,333961,72.2
Hualien,201312,333897,72.1
Hualien,201401,333823,72.1
Hualien,201402,333653,72.1
Hualien,201403,333639,72.1
Hualien,201404,333694,72.1
Hualien,201405,333668,72.1
Hualien,201406,333630,72.1
Hualien,201407,333707,72.1
Hualien,201408,333733,72.1
Hualien,201409,333531,72.1
Hualien,201410,333413,72.0
Hualien,201411,333484,72.0
Hualien,201412,333392,72.0
Hualien,201501,333240,72.0
Hualien,201502,333070,72.0
Hualien,201503,332837,71.9
Hualien,201504,332674,71.9
Hualien,201505,332472,71.8
Hualien,201506,332424,71.8
Hualien,201507,332242,71.8
Hualien,201508,332091,71.7
Hualien,201509,332026,71.7
Hualien,201510,332063,71.7
Hualien,201511,332033,71.7
Hualien,201512,331945,71.7
Hualien,201601,331845,71.7
Hualien,201602,331801,71.7
Hualien,201603,331633,71.6
Hualien,201604,331498,71.6
Hualien,201605,331379,71.6
Hualien,201606,331372,71.6
Hualien,201607,331323,71.6
Hualien,201608,331332,71.6
Hualien,201609,331223,71.6
Hualien,201610,331065,71.5
Hualien,201611,330930,71.5
Hualien,201612,330911,71.5
Hualien,201701,330810,71.5
Hualien,201702,330691,71.4
Hualien,201703,330484,71.4
Hualien,201704,330343,71.4
Hualien,201705,330139,71.3
Hualien,201706,329976,71.3
Hualien,201707,329845,71.3
Hualien,201708,329676,71.2
Hualien,201709,329531,71.2
Hualien,201710,329462,71.2
Hualien,201711,329374,71.2
Hualien,201712,329237,71.1
Hualien,201801,329016,71.1
Hualien,201802,328853,71.0
Hualien,201803,328695,71.0
Hualien,201804,328683,71.0
Hualien,201805,328721,71.0
Hualien,201806,328749,71.0
Hualien,201807,328709,71.0
Hualien,201808,328601,71.0
Hualien,201809,328444,71.0
Hualien,201810,328331,70.9
Hualien,201811,328264,70.9
Hualien,201812,327968,70.9
Hualien,201901,327788,70.8
Hualien,201902,327654,70.8
Hualien,201903,327513,70.8
Hualien,201904,327349,70.7
Hualien,201905,327080,70.7
Penghu,201001,96387,683.3
Penghu,201002,96426,683.6
Penghu,201003,96459,683.9
Penghu,201004,96455,683.8
Penghu,201005,96467,683.9
Penghu,201006,96388,683.4
Penghu,201007,96436,683.7
Penghu,201008,96490,684.1
Penghu,201009,96488,684.1
Penghu,201010,96711,685.6
Penghu,201011,96797,686.3
Penghu,201012,96918,687.1
Penghu,201101,96926,687.2
Penghu,201102,96854,686.7
Penghu,201103,96789,686.2
Penghu,201104,96676,685.4
Penghu,201105,96628,685.1
Penghu,201106,96597,684.8
Penghu,201107,96658,685.3
Penghu,201108,96642,685.2
Penghu,201109,96779,686.1
Penghu,201110,97007,687.7
Penghu,201111,97091,688.3
Penghu,201112,97157,688.8
Penghu,201201,97248,689.4
Penghu,201202,97268,689.6
Penghu,201203,97452,690.9
Penghu,201204,97612,692.0
Penghu,201205,97639,692.2
Penghu,201206,97724,692.8
Penghu,201207,97947,694.4
Penghu,201208,98017,694.9
Penghu,201209,98104,695.5
Penghu,201210,98612,699.1
Penghu,201211,98745,700.1
Penghu,201212,98843,700.8
Penghu,201301,98927,701.4
Penghu,201302,98919,701.3
Penghu,201303,99032,702.1
Penghu,201304,99117,702.7
Penghu,201305,99241,703.6
Penghu,201306,99276,703.8
Penghu,201307,99387,704.6
Penghu,201308,99462,705.1
Penghu,201309,99516,705.5
Penghu,201310,100090,709.6
Penghu,201311,100233,710.6
Penghu,201312,100400,711.8
Penghu,201401,100585,713.1
Penghu,201402,100609,713.3
Penghu,201403,100812,714.7
Penghu,201404,100994,716.0
Penghu,201405,101156,717.2
Penghu,201406,101112,716.8
Penghu,201407,101176,717.3
Penghu,201408,101110,716.8
Penghu,201409,101482,719.5
Penghu,201410,101548,719.9
Penghu,201411,101636,720.6
Penghu,201412,101758,721.4
Penghu,201501,101803,721.7
Penghu,201502,101850,722.1
Penghu,201503,101856,722.1
Penghu,201504,101842,722.0
Penghu,201505,101838,722.0
Penghu,201506,101753,721.4
Penghu,201507,101777,721.6
Penghu,201508,101734,721.3
Penghu,201509,102204,724.6
Penghu,201510,102279,725.1
Penghu,201511,102317,725.4
Penghu,201512,102304,725.3
Penghu,201601,102355,725.7
Penghu,201602,102336,725.5
Penghu,201603,102332,725.5
Penghu,201604,102369,725.8
Penghu,201605,102396,725.9
Penghu,201606,102329,725.5
Penghu,201607,102357,725.7
Penghu,201608,102406,726.0
Penghu,201609,102880,729.4
Penghu,201610,102992,730.2
Penghu,201611,103104,731.0
Penghu,201612,103263,732.1
Penghu,201701,103303,732.4
Penghu,201702,103281,732.2
Penghu,201703,103343,732.7
Penghu,201704,103385,733.0
Penghu,201705,103434,733.3
Penghu,201706,103406,733.1
Penghu,201707,103419,733.2
Penghu,201708,103412,733.1
Penghu,201709,103843,736.2
Penghu,201710,103956,737.0
Penghu,201711,104005,737.4
Penghu,201712,104073,737.8
Penghu,201801,104105,738.1
Penghu,201802,104087,737.9
Penghu,201803,104086,737.9
Penghu,201804,104121,738.2
Penghu,201805,104107,738.1
Penghu,201806,104013,737.4
Penghu,201807,104041,737.6
Penghu,201808,103976,737.1
Penghu,201809,104392,740.1
Penghu,201810,104400,740.2
Penghu,201811,104441,740.4
Penghu,201812,104440,740.4
Penghu,201901,104511,740.9
Penghu,201902,104533,741.1
Penghu,201903,104574,741.4
Penghu,201904,104683,742.2
Penghu,201905,104751,742.6
Keelung,201001,388136,2924.9
Keelung,201002,388017,2924.0
Keelung,201003,387624,2921.1
Keelung,201004,387207,2917.9
Keelung,201005,386757,2914.5
Keelung,201006,385869,2907.8
Keelung,201007,385532,2905.3
Keelung,201008,385388,2904.2
Keelung,201009,384954,2900.9
Keelung,201010,384590,2898.2
Keelung,201011,384296,2896.0
Keelung,201012,384134,2894.8
Keelung,201101,383680,2891.3
Keelung,201102,383352,2888.9
Keelung,201103,382865,2885.2
Keelung,201104,382551,2882.8
Keelung,201105,382136,2879.7
Keelung,201106,381770,2876.9
Keelung,201107,381321,2873.6
Keelung,201108,381056,2871.6
Keelung,201109,380647,2868.5
Keelung,201110,380501,2867.4
Keelung,201111,380281,2865.7
Keelung,201112,379927,2863.1
Keelung,201201,379742,2861.7
Keelung,201202,379416,2859.2
Keelung,201203,379021,2856.2
Keelung,201204,378886,2855.2
Keelung,201205,378522,2852.5
Keelung,201206,378301,2850.8
Keelung,201207,378032,2848.8
Keelung,201208,377744,2846.6
Keelung,201209,377537,2845.0
Keelung,201210,377309,2843.3
Keelung,201211,377259,2842.9
Keelung,201212,377153,2842.1
Keelung,201301,377021,2841.2
Keelung,201302,376856,2839.9
Keelung,201303,376659,2838.4
Keelung,201304,376564,2837.7
Keelung,201305,376372,2836.3
Keelung,201306,376082,2834.1
Keelung,201307,375834,2832.2
Keelung,201308,375755,2831.6
Keelung,201309,375413,2829.0
Keelung,201310,375204,2827.5
Keelung,201311,375063,2826.4
Keelung,201312,374914,2825.3
Keelung,201401,374799,2824.4
Keelung,201402,374658,2823.3
Keelung,201403,374428,2821.6
Keelung,201404,374269,2820.4
Keelung,201405,373998,2818.4
Keelung,201406,373786,2816.8
Keelung,201407,373702,2816.1
Keelung,201408,373721,2816.3
Keelung,201409,373597,2815.4
Keelung,201410,373463,2814.3
Keelung,201411,373340,2813.4
Keelung,201412,373077,2811.4
Keelung,201501,373011,2810.9
Keelung,201502,372956,2810.5
Keelung,201503,372969,2810.6
Keelung,201504,372985,2810.7
Keelung,201505,372791,2809.3
Keelung,201506,372787,2809.2
Keelung,201507,372620,2808.0
Keelung,201508,372604,2807.9
Keelung,201509,372511,2807.2
Keelung,201510,372355,2806.0
Keelung,201511,372226,2805.0
Keelung,201512,372105,2804.1
Keelung,201601,372019,2803.5
Keelung,201602,371914,2802.7
Keelung,201603,371882,2802.4
Keelung,201604,372037,2803.6
Keelung,201605,371878,2802.4
Keelung,201606,371837,2802.1
Keelung,201607,371901,2802.6
Keelung,201608,371986,2803.2
Keelung,201609,372019,2803.5
Keelung,201610,372048,2803.7
Keelung,201611,372062,2803.8
Keelung,201612,372100,2804.1
Keelung,201701,372044,2803.6
Keelung,201702,372049,2803.7
Keelung,201703,371973,2803.1
Keelung,201704,372086,2804.0
Keelung,201705,371981,2803.2
Keelung,201706,371876,2802.4
Keelung,201707,371853,2802.2
Keelung,201708,371819,2802.0
Keelung,201709,371758,2801.5
Keelung,201710,371669,2800.8
Keelung,201711,371560,2800.0
Keelung,201712,371458,2799.2
Keelung,201801,371317,2798.2
Keelung,201802,371204,2797.3
Keelung,201803,371119,2796.7
Keelung,201804,371099,2796.5
Keelung,201805,370944,2795.4
Keelung,201806,370795,2794.2
Keelung,201807,370612,2792.9
Keelung,201808,370461,2791.7
Keelung,201809,370368,2791.0
Keelung,201810,370269,2790.3
Keelung,201811,370206,2789.8
Keelung,201812,370155,2789.4
Keelung,201901,369987,2788.1
Keelung,201902,369916,2787.6
Keelung,201903,369848,2787.1
Keelung,201904,369820,2786.9
Keelung,201905,369613,2785.3
Hsinchu,201001,411981,288.6
Hsinchu,201002,412233,288.8
Hsinchu,201003,412850,289.2
Hsinchu,201004,413317,289.5
Hsinchu,201005,413384,289.6
Hsinchu,201006,412893,289.2
Hsinchu,201007,413482,289.6
Hsinchu,201008,414004,290.0
Hsinchu,201009,414323,290.2
Hsinchu,201010,414682,290.5
Hsinchu,201011,415004,290.7
Hsinchu,201012,415344,290.9
Hsinchu,201101,415557,291.1
Hsinchu,201102,415797,291.3
Hsinchu,201103,416191,291.5
Hsinchu,201104,416426,291.7
Hsinchu,201105,416962,292.1
Hsinchu,201106,417335,292.3
Hsinchu,201107,417554,292.5
Hsinchu,201108,417966,292.8
Hsinchu,201109,418534,293.2
Hsinchu,201110,418927,293.5
Hsinchu,201111,419384,293.8
Hsinchu,201112,420052,294.2
Hsinchu,201201,420342,294.4
Hsinchu,201202,420588,294.6
Hsinchu,201203,421041,294.9
Hsinchu,201204,421432,295.2
Hsinchu,201205,422013,295.6
Hsinchu,201206,422554,296.0
Hsinchu,201207,422883,296.2
Hsinchu,201208,423318,296.5
Hsinchu,201209,423692,296.8
Hsinchu,201210,424099,297.1
Hsinchu,201211,424533,297.4
Hsinchu,201212,425071,297.8
Hsinchu,201301,425450,298.0
Hsinchu,201302,425702,298.2
Hsinchu,201303,426145,298.5
Hsinchu,201304,426464,298.7
Hsinchu,201305,426856,299.0
Hsinchu,201306,427050,299.1
Hsinchu,201307,427137,299.2
Hsinchu,201308,427265,299.3
Hsinchu,201309,427561,299.5
Hsinchu,201310,427850,299.7
Hsinchu,201311,428080,299.9
Hsinchu,201312,428483,300.1
Hsinchu,201401,428834,300.4
Hsinchu,201402,429018,300.5
Hsinchu,201403,429212,300.7
Hsinchu,201404,429420,300.8
Hsinchu,201405,429654,301.0
Hsinchu,201406,430041,301.2
Hsinchu,201407,430295,301.4
Hsinchu,201408,430644,301.7
Hsinchu,201409,431029,301.9
Hsinchu,201410,431336,302.1
Hsinchu,201411,431601,302.3
Hsinchu,201412,431988,302.6
Hsinchu,201501,432259,302.8
Hsinchu,201502,432366,302.9
Hsinchu,201503,432456,302.9
Hsinchu,201504,432559,303.0
Hsinchu,201505,432692,303.1
Hsinchu,201506,432860,303.2
Hsinchu,201507,432966,303.3
Hsinchu,201508,433091,303.4
Hsinchu,201509,433348,303.6
Hsinchu,201510,433581,303.7
Hsinchu,201511,433774,303.9
Hsinchu,201512,434060,304.1
Hsinchu,201601,434258,304.2
Hsinchu,201602,434279,304.2
Hsinchu,201603,434492,304.4
Hsinchu,201604,434674,304.5
Hsinchu,201605,434955,304.7
Hsinchu,201606,435238,304.9
Hsinchu,201607,435488,305.1
Hsinchu,201608,435805,305.3
Hsinchu,201609,436220,305.6
Hsinchu,201610,436490,305.8
Hsinchu,201611,436877,306.0
Hsinchu,201612,437337,306.3
Hsinchu,201701,437753,306.6
Hsinchu,201702,438018,306.8
Hsinchu,201703,438322,307.0
Hsinchu,201704,438524,307.2
Hsinchu,201705,438863,307.4
Hsinchu,201706,439299,307.7
Hsinchu,201707,439435,307.8
Hsinchu,201708,439747,308.0
Hsinchu,201709,440098,308.3
Hsinchu,201710,440409,308.5
Hsinchu,201711,440717,308.7
Hsinchu,201712,441132,309.0
Hsinchu,201801,441639,309.4
Hsinchu,201802,441817,309.5
Hsinchu,201803,442315,309.8
Hsinchu,201804,442570,310.0
Hsinchu,201805,443038,310.3
Hsinchu,201806,443351,310.6
Hsinchu,201807,443581,310.7
Hsinchu,201808,443969,311.0
Hsinchu,201809,444406,311.3
Hsinchu,201810,444775,311.6
Hsinchu,201811,445107,311.8
Hsinchu,201812,445635,312.2
Hsinchu,201901,445990,312.4
Hsinchu,201902,446210,312.6
Hsinchu,201903,446567,312.8
Hsinchu,201904,446701,312.9
Hsinchu,201905,447081,313.2
Chiayi city,201001,273778,4560.7
Chiayi city,201002,273691,4559.2
Chiayi city,201003,273717,4559.7
Chiayi city,201004,273639,4558.4
Chiayi city,201005,273444,4555.1
Chiayi city,201006,272882,4545.8
Chiayi city,201007,272833,4544.9
Chiayi city,201008,272782,4544.1
Chiayi city,201009,272711,4542.9
Chiayi city,201010,272523,4539.8
Chiayi city,201011,272422,4538.1
Chiayi city,201012,272390,4537.6
Chiayi city,201101,272320,4536.4
Chiayi city,201102,272234,4535.0
Chiayi city,201103,272181,4534.1
Chiayi city,201104,272218,4534.7
Chiayi city,201105,272176,4534.0
Chiayi city,201106,272128,4533.2
Chiayi city,201107,271994,4531.0
Chiayi city,201108,271960,4530.4
Chiayi city,201109,271758,4527.0
Chiayi city,201110,271644,4525.1
Chiayi city,201111,271594,4524.3
Chiayi city,201112,271526,4523.2
Chiayi city,201201,271524,4523.1
Chiayi city,201202,271549,4523.6
Chiayi city,201203,271464,4522.1
Chiayi city,201204,271595,4524.3
Chiayi city,201205,271695,4526.0
Chiayi city,201206,271689,4525.9
Chiayi city,201207,271588,4524.2
Chiayi city,201208,271399,4521.1
Chiayi city,201209,271339,4520.1
Chiayi city,201210,271288,4519.2
Chiayi city,201211,271283,4519.1
Chiayi city,201212,271220,4518.1
Chiayi city,201301,271256,4518.7
Chiayi city,201302,271195,4517.7
Chiayi city,201303,271240,4518.4
Chiayi city,201304,271338,4520.0
Chiayi city,201305,271312,4519.6
Chiayi city,201306,271291,4519.3
Chiayi city,201307,271223,4518.1
Chiayi city,201308,271260,4518.7
Chiayi city,201309,271106,4516.2
Chiayi city,201310,270969,4513.9
Chiayi city,201311,270934,4513.3
Chiayi city,201312,270872,4512.3
Chiayi city,201401,270941,4513.4
Chiayi city,201402,271072,4515.6
Chiayi city,201403,271103,4516.1
Chiayi city,201404,271063,4515.5
Chiayi city,201405,270983,4514.1
Chiayi city,201406,270841,4511.8
Chiayi city,201407,270818,4511.4
Chiayi city,201408,270885,4512.5
Chiayi city,201409,270826,4511.5
Chiayi city,201410,270779,4510.7
Chiayi city,201411,270858,4512.0
Chiayi city,201412,270883,4512.5
Chiayi city,201501,270925,4513.2
Chiayi city,201502,270875,4512.3
Chiayi city,201503,270867,4512.2
Chiayi city,201504,271009,4514.6
Chiayi city,201505,270958,4513.7
Chiayi city,201506,270896,4512.7
Chiayi city,201507,270732,4509.9
Chiayi city,201508,270656,4508.7
Chiayi city,201509,270473,4505.6
Chiayi city,201510,270396,4504.3
Chiayi city,201511,270415,4504.7
Chiayi city,201512,270366,4503.8
Chiayi city,201601,270273,4502.3
Chiayi city,201602,270297,4502.7
Chiayi city,201603,270264,4502.1
Chiayi city,201604,270463,4505.5
Chiayi city,201605,270295,4502.7
Chiayi city,201606,270254,4502.0
Chiayi city,201607,270125,4499.8
Chiayi city,201608,269992,4497.6
Chiayi city,201609,269890,4495.9
Chiayi city,201610,269804,4494.5
Chiayi city,201611,269815,4494.7
Chiayi city,201612,269874,4495.7
Chiayi city,201701,269879,4495.7
Chiayi city,201702,269828,4494.9
Chiayi city,201703,269938,4496.7
Chiayi city,201704,269949,4496.9
Chiayi city,201705,269793,4494.3
Chiayi city,201706,269717,4493.0
Chiayi city,201707,269608,4491.2
Chiayi city,201708,269427,4488.2
Chiayi city,201709,269338,4486.7
Chiayi city,201710,269364,4487.2
Chiayi city,201711,269338,4486.7
Chiayi city,201712,269398,4487.7
Chiayi city,201801,269345,4486.8
Chiayi city,201802,269327,4486.5
Chiayi city,201803,269307,4486.2
Chiayi city,201804,269239,4485.1
Chiayi city,201805,269091,4482.6
Chiayi city,201806,268951,4480.3
Chiayi city,201807,268973,4480.6
Chiayi city,201808,268809,4477.9
Chiayi city,201809,268699,4476.1
Chiayi city,201810,268741,4476.8
Chiayi city,201811,268697,4476.0
Chiayi city,201812,268622,4474.8
Chiayi city,201901,268579,4474.1
Chiayi city,201902,268543,4473.5
Chiayi city,201903,268502,4472.8
Chiayi city,201904,268474,4472.3
Chiayi city,201905,268514,4473.0
Kinmen,201001,94205,615.3
Kinmen,201002,94474,617.1
Kinmen,201003,94701,618.6
Kinmen,201004,94911,619.9
Kinmen,201005,95038,620.8
Kinmen,201006,95145,621.5
Kinmen,201007,95409,623.2
Kinmen,201008,95783,625.6
Kinmen,201009,96091,627.6
Kinmen,201010,96622,631.1
Kinmen,201011,96981,633.4
Kinmen,201012,97364,636.0
Kinmen,201101,97733,638.4
Kinmen,201102,97969,639.9
Kinmen,201103,98186,641.3
Kinmen,201104,98641,644.3
Kinmen,201105,99278,648.5
Kinmen,201106,99691,651.1
Kinmen,201107,100248,654.8
Kinmen,201108,101094,660.3
Kinmen,201109,102064,666.6
Kinmen,201110,102827,671.6
Kinmen,201111,103340,675.0
Kinmen,201112,103883,678.5
Kinmen,201201,104538,682.8
Kinmen,201202,105434,688.7
Kinmen,201203,106358,694.7
Kinmen,201204,107198,700.2
Kinmen,201205,107646,703.1
Kinmen,201206,108147,706.4
Kinmen,201207,108963,711.7
Kinmen,201208,109728,716.7
Kinmen,201209,110851,724.0
Kinmen,201210,111775,730.1
Kinmen,201211,112444,734.4
Kinmen,201212,113111,738.8
Kinmen,201301,113755,743.0
Kinmen,201302,114191,745.9
Kinmen,201303,114867,750.3
Kinmen,201304,115601,755.1
Kinmen,201305,116168,758.8
Kinmen,201306,116570,761.4
Kinmen,201307,117229,765.7
Kinmen,201308,117845,769.7
Kinmen,201309,118924,776.8
Kinmen,201310,119534,780.8
Kinmen,201311,120037,784.0
Kinmen,201312,120713,788.5
Kinmen,201401,121261,792.0
Kinmen,201402,121749,795.2
Kinmen,201403,122296,798.8
Kinmen,201404,122956,803.1
Kinmen,201405,123512,806.7
Kinmen,201406,123947,809.6
Kinmen,201407,124616,814.0
Kinmen,201408,125089,817.0
Kinmen,201409,126156,824.0
Kinmen,201410,126562,826.7
Kinmen,201411,126964,829.3
Kinmen,201412,127723,834.2
Kinmen,201501,128187,837.3
Kinmen,201502,128477,839.2
Kinmen,201503,128924,842.1
Kinmen,201504,129423,845.3
Kinmen,201505,129639,846.8
Kinmen,201506,129831,848.0
Kinmen,201507,130461,852.1
Kinmen,201508,131099,856.3
Kinmen,201509,131905,861.6
Kinmen,201510,132269,863.9
Kinmen,201511,132532,865.7
Kinmen,201512,132799,867.4
Kinmen,201601,132995,868.7
Kinmen,201602,132960,868.5
Kinmen,201603,132998,868.7
Kinmen,201604,133086,869.3
Kinmen,201605,133150,869.7
Kinmen,201606,133185,869.9
Kinmen,201607,133448,871.6
Kinmen,201608,133656,873.0
Kinmen,201609,134419,878.0
Kinmen,201610,134687,879.7
Kinmen,201611,134858,880.8
Kinmen,201612,135114,882.5
Kinmen,201701,135223,883.2
Kinmen,201702,135235,883.3
Kinmen,201703,135342,884.0
Kinmen,201704,135440,884.7
Kinmen,201705,135535,885.3
Kinmen,201706,135563,885.5
Kinmen,201707,135816,887.1
Kinmen,201708,136004,888.3
Kinmen,201709,136812,893.6
Kinmen,201710,137042,895.1
Kinmen,201711,137255,896.5
Kinmen,201712,137456,897.8
Kinmen,201801,137577,898.6
Kinmen,201802,137625,898.9
Kinmen,201803,137642,899.0
Kinmen,201804,137730,899.6
Kinmen,201805,137860,900.5
Kinmen,201806,137837,900.3
Kinmen,201807,137952,901.1
Kinmen,201808,138026,901.5
Kinmen,201809,138724,906.1
Kinmen,201810,138845,906.9
Kinmen,201811,138963,907.7
Kinmen,201812,139273,909.7
Kinmen,201901,139484,911.1
Kinmen,201902,139426,910.7
Kinmen,201903,139387,910.4
Kinmen,201904,139464,910.9
Kinmen,201905,139440,910.8
Lienchang,201001,10002,337.8
Lienchang,201002,10044,339.3
Lienchang,201003,10016,338.3
Lienchang,201004,10010,338.1
Lienchang,201005,9985,337.3
Lienchang,201006,9929,335.4
Lienchang,201007,9926,335.3
Lienchang,201008,9949,336.1
Lienchang,201009,9957,336.3
Lienchang,201010,9931,335.4
Lienchang,201011,9944,335.9
Lienchang,201012,9944,335.9
Lienchang,201101,9959,336.4
Lienchang,201102,9937,335.6
Lienchang,201103,9970,336.8
Lienchang,201104,9991,337.5
Lienchang,201105,9991,337.5
Lienchang,201106,10010,338.1
Lienchang,201107,9991,337.5
Lienchang,201108,10010,338.1
Lienchang,201109,10058,339.7
Lienchang,201110,10084,340.6
Lienchang,201111,10104,341.3
Lienchang,201112,10106,341.4
Lienchang,201201,10133,342.3
Lienchang,201202,10135,342.3
Lienchang,201203,10131,342.2
Lienchang,201204,10125,342.0
Lienchang,201205,10172,343.6
Lienchang,201206,10253,346.3
Lienchang,201207,10624,358.9
Lienchang,201208,10794,364.6
Lienchang,201209,10937,369.4
Lienchang,201210,11058,373.5
Lienchang,201211,11196,378.2
Lienchang,201212,11310,382.0
Lienchang,201301,11417,385.6
Lienchang,201302,11512,388.8
Lienchang,201303,11595,391.7
Lienchang,201304,11637,393.1
Lienchang,201305,11702,395.3
Lienchang,201306,11771,397.6
Lienchang,201307,11869,400.9
Lienchang,201308,11955,403.8
Lienchang,201309,12041,406.7
Lienchang,201310,12079,408.0
Lienchang,201311,12111,409.1
Lienchang,201312,12165,410.9
Lienchang,201401,12195,411.9
Lienchang,201402,12228,413.0
Lienchang,201403,12311,415.8
Lienchang,201404,12342,416.9
Lienchang,201405,12365,417.7
Lienchang,201406,12426,419.7
Lienchang,201407,12461,420.9
Lienchang,201408,12438,420.1
Lienchang,201409,12481,421.6
Lienchang,201410,12512,422.6
Lienchang,201411,12528,423.2
Lienchang,201412,12506,422.4
Lienchang,201501,12538,423.5
Lienchang,201502,12534,423.4
Lienchang,201503,12504,422.4
Lienchang,201504,12485,421.7
Lienchang,201505,12476,421.4
Lienchang,201506,12496,422.1
Lienchang,201507,12506,422.4
Lienchang,201508,12524,423.0
Lienchang,201509,12545,423.7
Lienchang,201510,12547,423.8
Lienchang,201511,12546,423.8
Lienchang,201512,12547,423.8
Lienchang,201601,12533,423.3
Lienchang,201602,12523,423.0
Lienchang,201603,12530,423.2
Lienchang,201604,12522,423.0
Lienchang,201605,12518,422.8
Lienchang,201606,12536,423.4
Lienchang,201607,12531,423.3
Lienchang,201608,12550,423.9
Lienchang,201609,12586,425.1
Lienchang,201610,12598,425.5
Lienchang,201611,12608,425.9
Lienchang,201612,12595,425.4
Lienchang,201701,12649,427.3
Lienchang,201702,12650,427.3
Lienchang,201703,12678,428.2
Lienchang,201704,12687,428.5
Lienchang,201705,12696,428.8
Lienchang,201706,12716,429.5
Lienchang,201707,12727,429.9
Lienchang,201708,12756,430.9
Lienchang,201709,12766,431.2
Lienchang,201710,12823,433.1
Lienchang,201711,12841,433.7
Lienchang,201712,12880,435.1
Lienchang,201801,12906,435.9
Lienchang,201802,12902,435.8
Lienchang,201803,12923,436.5
Lienchang,201804,12958,437.7
Lienchang,201805,13003,439.2
Lienchang,201806,13044,440.6
Lienchang,201807,13076,441.7
Lienchang,201808,13074,441.6
Lienchang,201809,13058,441.1
Lienchang,201810,13062,441.2
Lienchang,201811,13042,440.5
Lienchang,201812,13056,441.0
Lienchang,201901,13079,441.8
Lienchang,201902,13073,441.6
Lienchang,201903,13053,440.9
Lienchang,201904,13056,441.0
Lienchang,201905,13095,442.3
